input,output
/гипотеза Сгенерируй гипотезу по роли FOXO3 в старении,"**Факты-основания:**
- FOXO3 является транскрипционным фактором, играющим ключевую роль в регуляции клеточного старения и долголетия.
- Исследования показали, что вариации гена FOXO3 ассоциированы с человеческим долголетием.
- FOXO3 участвует в регуляции клеточного стресса, апоптоза и метаболизма.

**Формулировка гипотезы:**
FOXO3 играет решающую роль в модуляции процесса старения путем регуляции экспрессии генов, участвующих в клеточном стрессе и метаболизме, и его активация может привести к продлению жизни.

**План тестирования:**
1. Эксперименты на модельных организмах (например, мышах) для изучения влияния активации FOXO3 на долголетие и здоровье.
2. Анализ экспрессии генов, регулируемых FOXO3, в тканях старых и молодых организмов.
3. Исследование взаимодействия FOXO3 с другими ключевыми факторами, влияющими на старение, такими как mTOR и Nrf2.

**Возможные риски:**
- Непредвиденные эффекты активации FOXO3 на другие клеточные процессы.
- Возможность того, что эффекты FOXO3 на старение могут быть контекстно-зависимыми и не обобщаться на все типы клеток или ткани.

Вывод: Гипотеза предполагает, что FOXO3 играет ключевую роль в регуляции старения, и его активация может быть перспективным подходом для продления жизни и улучшения здоровья."
/объяснение Почему митохондриальные мутации ускоряют старение?,"Митохондриальные мутации играют значительную роль в ускорении старения благодаря нескольким ключевым механизмам:
* Нарушение энергетического метаболизма: Митохондрии являются основным источником энергии для клеток, и мутации в митохондриальной ДНК могут привести к нарушению функции митохондрий, снижению производства АТФ и увеличению производства реактивных форм кислорода (РФК).
* Аккумуляция окислительного стресса: РФК могут повредить клеточные компоненты, включая ДНК, белки и липиды, что приводит к окислительному стрессу и ускорению старения.
* Активация про-старческих сигнальных путей: Митохондриальные мутации могут активировать сигнальные пути, такие как путь mTOR, который способствует старению, и подавлять пути, такие как путь Nrf2, который защищает от окислительного стресса.
* Влияние на эпигенетические регуляторы: Митохондриальные мутации могут влиять на эпигенетические регуляторы, такие как гистон-деацетилазы и метилтрансферазы, что приводит к изменениям в экспрессии генов и ускорению старения.

Вывод: Митохондриальные мутации ускоряют старение путем нарушения энергетического метаболизма, аккумуляции окислительного стресса, активации про-старческих сигнальных путей и влияния на эпигенетические регуляторы."
"/приоритизация Отсортируй задачи: омоложение кожи, восстановление мышц, удаление сенесцентных клеток","Приоритизация задач по новизне, зрелости, влиянию и доказанности:
* Омоложение кожи: 
  - Новизна: Средняя (много исследований по косметическим процедурам, но ограниченные данные по молекулярным механизмам)
  - Зрелость: Высокая (много клинических исследований и доступных методов)
  - Влияние: Среднее (влияет на качество жизни, но не на продолжительность жизни напрямую)
  - Достоверность: Высокая (доказанная эффективность некоторых методов)
* Восстановление мышц: 
  - Новизна: Высокая (активные исследования по регенерации мышц и миостатину)
  - Зрелость: Средняя (некоторые клинические исследования, но ограниченные данные по долгосрочной эффективности)
  - Влияние: Высокое (влияет на качество жизни и потенциально на продолжительность жизни)
  - Достоверность: Средняя (некоторые обнадеживающие результаты, но необходимы дальнейшие исследования)
* Удаление сенесцентных клеток: 
  - Новизна: Высокая (активные исследования по сенолитикам и их потенциальному влиянию на старение)
  - Зрелость: Низкая (ограниченные клинические исследования, в основном preclinical данные)
  - Влияние: Высокое (потенциально влияет на продолжительность жизни и здоровье)
  - Достоверность: Низкая (потребуются дальнейшие исследования для подтверждения эффективности и безопасности)

Вывод: На основе приоритизации, удаление сенесцентных клеток имеет высокий потенциал влияния и новизны, но требует дальнейших исследований для подтверждения эффективности и безопасности. Восстановление мышц также является перспективной задачей, но требует более глубоких исследований по долгосрочной эффективности. Омоложение кожи, хотя и имеет высокую зрелость и достоверность, имеет средний уровень влияния и новизны."
